ref,id,symbol,tf,side,strategy,confidence,published_ts,published_time_tehran,entry,stop,tp1,tp2,rr,atr,risk_per_unit,entry_distance_pct,entry_distance_atr,ctx_score,ctx_other_side_score,ctx_funding,ctx_ls_top,ctx_oi_1h,ctx_perp_spot_ratio,ctx_adx,ctx_rsi14,n_supports,n_warnings,n_blockers,supports,warnings,republished,bars_to_activate,bars_to_resolve,mfe_r,mae_r,status,result,result_r
MO-261007-2300-XRP-30m-S,XRPUSDT|30m|short@1791401458,XRPUSDT,30m,short,Trend Continuation,67.5,1791401458.712476,2026-10-07 23:00 Tehran,1.42836081,1.44062143,1.39770926,1.38544864,2.5,0.00817375,0.012260619999999944,0.201,0.35,12.0,-12.0,-0.002129,3.18,0.214,6.073,52.24777806674637,34.46666193223561,7,1,0,"structure bearish; below cloud; future cloud red; ADX 52 aligned; RSI 34 overbought, selling strength; top traders 3.18 long - fuel below; HTF bearish agrees",September CPI in 6d,1,,,,,pending,open,
MO-261007-2300-XRP-1h-S,XRPUSDT|1h|short@1791401458,XRPUSDT,1h,short,Divergence Reversal,65.4,1791401458.712476,2026-10-07 23:00 Tehran,1.42952299,1.44719293,1.38534813,1.36767819,2.5,0.01177996,0.017669939999999995,0.289,0.35,11.0,-11.0,-0.002129,3.18,0.214,6.073,48.95777644239057,28.77802008961241,7,1,1,structure bearish; below cloud; future cloud red; ADX 49 aligned; bearish divergence; top traders 3.18 long - fuel below; HTF bearish agrees,September CPI in 6d,1,,,,,pending,open,
MO-261007-1451-ETH-1h-S,ETHUSDT|1h|short@1791372071,ETHUSDT,1h,short,Divergence Reversal,67.0,1791372071.7440362,2026-10-07 14:51 Tehran,2582.26475494,2606.22084754,2522.37452343,2498.41843083,2.5,15.9707284,23.95609259999992,0.217,0.35,11.0,-9.0,-0.00292,2.08,-0.921,13.557,48.60139548115954,16.528311806263602,8,1,2,"structure bearish; below cloud; future cloud red; ADX 49 aligned; bearish divergence; top traders 2.08 long - fuel below; perp/spot 13.6x - leverage driven, thin spot bid; HTF bearish agrees",September CPI in 6d,2,1,,2.075,0.054,active,open,
MO-261002-2210-XRP-15m-S,XRPUSDT|15m|short@1790966413,XRPUSDT,15m,short,Divergence Reversal,67.7,1790966413.7106333,2026-10-02 22:10 Tehran,1.46435077,1.48106836,1.42255679,1.4058392,2.5,0.01114506,0.01671759000000006,0.267,0.35,12.0,-11.0,0.01,3.05,,6.729,36.08646718606201,14.47213107245625,8,0,1,structure bearish; below cloud; future cloud red; ADX 36 aligned; bearish divergence; tape -18%; top traders 3.05 long - fuel below; HTF bearish agrees,,1,1,18,1.05,1.002,loss,stop,-1.0
MO-261002-2210-LINK-15m-S,LINKUSDT|15m|short@1790966413,LINKUSDT,15m,short,Confirmed Breakout Retest,63.9,1790966413.7106333,2026-10-02 22:10 Tehran,13.88496707,14.02411165,13.53710561,13.39796103,2.5,0.09276306,0.13914457999999996,0.234,0.35,10.0,-9.0,0.01,2.16,,6.996,30.078702045566963,21.093058809621354,7,0,1,structure bearish; below cloud; future cloud red; ADX 30 aligned; tape -16%; top traders 2.16 long - fuel below; HTF bearish agrees,,1,23,22,0.553,1.085,loss,stop,-1.0
MO-261002-1415-ETH-1h-L,ETHUSDT|1h|long@1790937912,ETHUSDT,1h,long,Confirmed Breakout Retest,62.2,1790937912.101071,2026-10-02 14:15 Tehran,2744.62567998,2715.16430846,2818.27910877,2847.74048029,2.5,19.64091434,29.46137151999983,0.25,0.35,9.0,-7.0,0.008195,1.09,0.584,19.366,27.51406597583853,65.50579998140924,6,0,0,structure bullish; above cloud; future cloud green; ADX 28 aligned; tape +76%; HTF bullish agrees,,1,1,4,0.812,1.632,loss,stop,-1.0
MO-260927-1343-ETH-30m-L,ETHUSDT|30m|long@1790504039,ETHUSDT,30m,long,Confirmed Breakout Retest,62.9,1790504039.9003391,2026-09-27 13:43 Tehran,2713.50025906,2703.1727979,2739.31891198,2742.95,2.5,6.88497411,10.327461159999984,0.089,0.35,8.0,-7.0,0.005816,1.3,0.305,24.353,26.728944052914848,65.77711370898805,5,1,0,structure bullish; above cloud; future cloud green; ADX 27 aligned; HTF bullish agrees,"HYPE unlock, same size as August in 2d",1,4,3,0.307,1.669,loss,stop,-1.0
MO-260923-2129-XRP-4h-L,XRPUSDT|4h|long@1790186372,XRPUSDT,4h,long,Trend Continuation,62.4,1790186372.0728245,2026-09-23 21:29 Tehran,1.48617184,1.41833687,1.65575926,1.72359423,2.5,0.04522331,0.06783496999999983,1.054,0.35,9.0,-9.0,0.01,2.52,-1.413,5.773,47.781620163223224,51.396314953985154,7,1,1,"structure bullish; above cloud; future cloud green; ADX 48 aligned; RSI 51 washed out, not chasing; tape +63%; HTF bullish agrees","HYPE unlock, same size as August in 6d",1,1,84,2.119,1.08,loss,stop,-1.0
MO-260922-2116-HYPE-30m-L,HYPEUSDT|30m|long@1790099191,HYPEUSDT,30m,long,Confirmed Breakout Retest,65.2,1790099191.4124825,2026-09-22 21:16 Tehran,96.29781341,95.08415659,99.33195546,100.54561228,2.5,0.80910455,1.213656819999997,0.293,0.35,9.0,-8.0,0.01,1.15,1.422,7.655,20.430355506137612,64.45891103838727,6,1,0,structure bullish; above cloud; future cloud green; ADX 20 aligned; tape +30%; HTF bullish agrees,"HYPE unlock, same size as August in 7d",1,1,35,1.389,1.062,loss,stop,-1.0
MO-260921-1344-HYPE-15m-L,HYPEUSDT|15m|long@1789985668,HYPEUSDT,15m,long,Confirmed Breakout Retest,63.7,1789985668.7639134,2026-09-21 13:44 Tehran,95.19600192,94.41172441,97.15669567,97.94097317,2.5,0.52285167,0.7842775099999955,0.192,0.35,10.0,-8.0,-0.006317,1.13,-0.432,8.607,31.41120720962045,63.05299720057569,6,0,0,structure bullish; above cloud; future cloud green; ADX 31 aligned; tape +53%; HTF bullish agrees,,1,1,16,1.167,1.874,loss,stop,-1.0
MO-260919-2015-SOL-1h-L,SOLUSDT|1h|long@1789836318,SOLUSDT,1h,long,Trend Continuation,68.2,1789836318.101576,2026-09-19 20:15 Tehran,111.41747903,110.05667485,114.29,114.81948946,2.11,0.90720278,1.3608041800000024,0.284,0.35,12.0,-10.0,0.01,1.54,-0.351,10.831,35.384512658758176,57.51886195529822,8,0,0,"structure bullish; above cloud; future cloud green; ADX 35 aligned; RSI 58 washed out, not chasing; room ratio 4.52; tape +15%; HTF bullish agrees",,1,1,6,0.759,1.064,loss,stop,-1.0
MO-260918-2043-ETH-15m-L,ETHUSDT|15m|long@1789751613,ETHUSDT,15m,long,Trend Continuation,63.7,1789751613.1426866,2026-09-18 20:43 Tehran,2584.77990564,2562.62235836,2640.17377382,2662.3313211,2.5,14.77169818,22.157547280000017,0.2,0.35,10.0,-9.0,0.01,1.12,0.373,15.491,55.573638569241616,68.990858295354,6,0,0,"structure bullish; above cloud; future cloud green; ADX 56 aligned; RSI 69 washed out, not chasing; HTF bullish agrees",,1,1,9,2.534,0.035,win,tp1,2.4999999990973722
MO-260918-1243-HYPE-15m-L,HYPEUSDT|15m|long@1789722799,HYPEUSDT,15m,long,Trend Continuation,63.7,1789722799.1695874,2026-09-18 12:43 Tehran,88.32138224,87.64587754,90.01014398,90.68564868,2.5,0.45033647,0.6755047000000047,0.178,0.35,10.0,-8.0,-0.000461,1.17,0.249,6.808,48.64324353341162,67.20643356376094,6,0,0,structure bullish; above cloud; future cloud green; ADX 49 aligned; tape +29%; HTF bullish agrees,,1,,0,,,expired,never activated,
MO-260913-1745-HYPE-30m-S,HYPEUSDT|30m|short@1789308927,HYPEUSDT,30m,short,Trend Continuation,69.0,1789308927.3207617,2026-09-13 17:45 Tehran,78.18834956,78.96984766,76.2346043,75.4531062,2.5,0.52099873,0.7814980999999932,0.234,0.35,11.0,-11.0,0.001914,1.43,0.014,7.641,49.45591656557627,47.01370918122786,7,2,0,"structure bearish; below cloud; future cloud red; ADX 49 aligned; RSI 47 overbought, selling strength; tape -15%; HTF bearish agrees",FOMC decision + dot plot in 3d; Bank of England decision in 4d,1,1,14,0.514,1.013,loss,stop,-1.0
MO-260913-1745-SOL-30m-S,SOLUSDT|30m|short@1789308927,SOLUSDT,30m,short,Trend Continuation,67.0,1789308927.3207617,2026-09-13 17:45 Tehran,100.3651437,100.91004526,99.31,99.0028898,1.94,0.36326771,0.5449015599999996,0.127,0.35,13.0,-11.0,-0.001258,2.27,0.499,11.347,46.98218386947196,45.22149576971312,9,2,1,"structure bearish; below cloud; future cloud red; ADX 47 aligned; RSI 45 overbought, selling strength; room ratio 4.83; top traders 2.27 long - fuel below; perp/spot 11.3x - leverage driven, thin spot bid; HTF bearish agrees",FOMC decision + dot plot in 3d; Bank of England decision in 4d,1,2,3,0.45,1.092,loss,stop,-1.0
MO-260913-1745-BTC-15m-S,BTCUSDT|15m|short@1789308927,BTCUSDT,15m,short,Trend Continuation,63.9,1789308927.3207617,2026-09-13 17:45 Tehran,76977.60848354,77167.93055588,76501.80330271,76501.4,2.5,126.88138155,190.3220723400009,0.058,0.35,10.0,-9.0,0.005304,1.71,0.295,12.862,48.374325194389215,55.85353788656765,7,2,1,"below cloud; future cloud red; ADX 48 aligned; RSI 56 overbought, selling strength; top traders 1.71 long - fuel below; perp/spot 12.9x - leverage driven, thin spot bid; HTF bearish agrees",FOMC decision + dot plot in 3d; Bank of England decision in 4d,1,,0,,,invalidated,gapped past the entry,
